author_login,commit_count_raw,active_days,avg_additions,avg_deletions,avg_total_changes,max_total_changes,avg_msg_len,weekend_commit_ratio,total_prs,merged_prs,pr_acceptance_rate,commit_count,cluster
Anas-github-acc,1,1,182.0,81.0,263.0,263,510.0,0.0,1,1,1.0,1,0
Cy-Tek,3,3,147.33333333333334,14.666666666666666,162.0,213,903.3333333333334,0.0,16,16,1.0,3,1
Han5991,1,1,136.0,5.0,141.0,141,2150.0,0.0,2,1,0.5,1,2
MichalMoravik,1,1,19.0,19.0,38.0,38,2437.0,0.0,2,1,0.5,1,3
RobPruzan,7,6,799.1428571428571,377.42857142857144,1176.571428571429,4487,794.4285714285714,0.1428571428571428,14,9,0.64,7,4
SyMind,2,2,117.5,90.0,207.5,385,1713.0,0.0,23,18,0.78,2,5
acdlite,3,2,129.33333333333334,31.0,160.33333333333334,339,700.3333333333334,0.0,145,131,0.9,3,6
ankur-arch,1,1,1291.0,0.0,1291.0,1291,532.0,0.0,1,1,1.0,1,7
bgub,2,2,1.0,0.5,1.5,2,105.5,0.0,7,4,0.57,2,8
bgw,11,9,178.9090909090909,111.1818181818182,290.09090909090907,993,850.7272727272727,0.0,335,315,0.94,11,9
carloitaben,1,1,4.0,5.0,9.0,9,115.0,0.0,1,1,1.0,1,10
delbaoliveira,2,2,3539.0,0.5,3539.5,7047,311.0,0.0,278,256,0.92,2,11
dnhn,2,2,84.5,1.0,85.5,169,139.0,0.5,5,5,1.0,2,12
eps1lon,32,12,154.5,107.28125,261.78125,1763,184.96875,0.09375,540,451,0.84,32,13
raboof,1,1,1.0,1.0,2.0,2,50.0,0.0,1,1,1.0,1,14
nick2202,1,1,1.0,1.0,2.0,2,42.0,0.0,1,1,1.0,1,14
amrear,1,1,1.0,1.0,2.0,2,39.0,0.0,1,1,1.0,1,14
JamesMRamm,1,1,1.0,1.0,2.0,2,54.0,0.0,1,1,1.0,1,14
wjdghks950,1,1,1.0,1.0,2.0,2,274.0,0.0,1,1,1.0,1,14
tvukovic-amd,1,1,1.0,1.0,2.0,2,190.0,0.0,1,1,1.0,1,14
klimarissa17,1,1,1.0,1.0,2.0,2,39.0,0.0,1,1,1.0,1,14
davanstrien,1,1,1.0,1.0,2.0,2,34.0,0.0,2,2,1.0,1,14
alvarobartt,1,1,1.0,1.0,2.0,2,48.0,0.0,5,5,1.0,1,14
Xiang-cd,1,1,1.0,1.0,2.0,2,55.0,0.0,1,1,1.0,1,14
maral,1,1,1.0,1.0,2.0,2,1958.0,0.0,1,1,1.0,1,14
zhuangzhuang,1,1,1.0,1.0,2.0,2,22.0,0.0,1,1,1.0,1,14
ethanniser,1,1,2.0,0.0,2.0,2,2504.0,0.0,1,1,1.0,1,14
fireairforce,3,3,19.0,2.3333333333333335,21.333333333333332,46,993.3333333333334,0.0,8,8,1.0,3,15
gaojude,2,2,46.5,1.0,47.5,91,117.5,0.0,134,108,0.81,2,16
gnoff,7,6,38.142857142857146,11.0,49.142857142857146,127,431.7142857142857,0.1428571428571428,162,136,0.84,7,17
hf,1,1,26.0,18.0,44.0,44,330.0,0.0,1,1,1.0,1,18
huozhi,24,10,461.0,359.0,820.0,13782,251.91666666666663,0.0833333333333333,1020,896,0.88,24,19
icyJoseph,7,4,19.142857142857142,3.2857142857142856,22.428571428571427,107,208.1428571428571,0.0,70,54,0.77,7,20
ijjk,13,4,92.15384615384616,31.53846153846154,123.6923076923077,957,301.53846153846155,0.0,1020,947,0.93,13,21
kdy1,3,2,56.666666666666664,56.0,112.66666666666669,274,306.3333333333333,0.0,669,541,0.81,3,22
kidonng,1,1,1.0,2.0,3.0,3,749.0,1.0,2,2,1.0,1,23
kristian240,1,1,38.0,21.0,59.0,59,1214.0,0.0,4,2,0.5,1,24
lubieowoce,1,1,25.0,10.0,35.0,35,1742.0,0.0,218,140,0.64,1,25
lukesandberg,7,6,77.28571428571429,45.0,122.28571428571428,408,717.7142857142857,0.0,83,69,0.83,7,26
mischnic,34,10,218.0,148.0,366.0,4427,564.5588235294117,0.0,340,285,0.84,34,27
nextjs-bot,38,16,610.6842105263158,442.6315789473685,1053.3157894736842,18680,31.5,0.1052631578947368,0,0,0.0,38,28
nick20name17,1,1,14.0,4.0,18.0,18,696.0,0.0,2,1,0.5,1,29
padmaia,3,3,16.333333333333332,4.666666666666667,21.0,30,1131.0,0.0,96,83,0.86,3,30
prateekkish,1,1,39.0,4.0,43.0,43,519.0,0.0,1,1,1.0,1,31
null-pointer-access,1,1,6.0,4.0,10.0,10,155.0,0.0,1,1,1.0,1,32
HollowMan6,1,1,9.0,1.0,10.0,10,313.0,0.0,2,2,1.0,1,32
rachnac-emeritus,1,1,5.0,5.0,10.0,10,172.0,0.0,1,1,1.0,1,32
firefly-cpp,1,1,1.0,1.0,2.0,2,50.0,1.0,1,1,1.0,1,33
rajrawat37,1,1,1.0,1.0,2.0,2,2666.0,1.0,1,1,1.0,1,33
strugee,1,1,1.0,1.0,2.0,2,28.0,1.0,1,1,1.0,1,33
raunofreiberg,2,2,322.5,13.5,336.0,663,507.0,0.0,35,30,0.86,2,34
Shohail-Ismail,1,1,2.0,1.0,3.0,3,148.0,0.0,1,1,1.0,1,35
CheeseCake87,1,1,2.0,1.0,3.0,3,183.0,0.0,1,1,1.0,1,35
rortan134,1,1,3.0,0.0,3.0,3,204.0,0.0,2,2,1.0,1,35
ChongYou,1,1,2.0,1.0,3.0,3,122.0,0.0,1,1,1.0,1,35
mylonjones,1,1,2.0,1.0,3.0,3,134.0,0.0,1,1,1.0,1,35
sajadtorkamani,1,1,1.0,1.0,2.0,2,2202.0,1.0,11,5,0.45,1,36
DavidS2106,1,1,5.0,1.0,6.0,6,298.0,0.0,1,1,1.0,1,37
shantanu2307,1,1,4.0,2.0,6.0,6,379.0,0.0,1,1,1.0,1,37
akinolaemmanuel49,1,1,5.0,1.0,6.0,6,115.0,0.0,1,1,1.0,1,37
azmeuk,1,1,6.0,0.0,6.0,6,235.0,0.0,1,1,1.0,1,37
dunkmann00,1,1,5.0,1.0,6.0,6,533.0,0.0,1,1,1.0,1,37
CoolCat467,1,1,6.0,0.0,6.0,6,36.0,0.0,1,1,1.0,1,37
skt-t1-byungi,1,1,28.0,1.0,29.0,29,1220.0,0.0,1,1,1.0,1,38
sokra,12,6,145.25,52.5,197.75,530,718.3333333333334,0.0,957,847,0.89,12,39
styfle,3,2,90.33333333333331,38.333333333333336,128.66666666666666,253,303.0,0.0,566,521,0.92,3,40
timneutkens,2,2,38.5,7.5,46.0,90,334.0,0.0,1020,933,0.91,2,41
unstubbable,25,11,417.04,394.28,811.32,6109,468.32,0.04,331,294,0.89,25,42
vercel-release-bot,18,10,643.0555555555555,489.22222222222223,1132.2777777777778,13290,154.05555555555554,0.0,0,0,0.0,18,43
wyattjoh,6,5,638.0,65.83333333333333,703.8333333333334,1508,1416.1666666666667,0.0,307,243,0.79,6,44
xusd320,1,1,7.0,9.0,16.0,16,112.0,0.0,12,5,0.42,1,45
ztanner,7,6,189.42857142857144,611.0,800.4285714285714,4175,652.7142857142857,0.2857142857142857,633,579,0.91,7,46
GleasonK,2,2,50.0,4.5,54.5,90,85.0,0.0,0,0,0.0,2,47
ICGog,4,2,570.5,85.75,656.25,1093,92.5,0.5,0,0,0.0,4,48
JohannesBuchner,1,1,50.0,35.0,85.0,85,61.0,0.0,1,1,1.0,1,49
isilence,1,1,0.0,3.0,3.0,3,638.0,0.0,0,0,0.0,1,50
kiryl,1,1,2.0,1.0,3.0,3,333.0,0.0,0,0,0.0,1,50
tamird,1,1,1.0,2.0,3.0,3,274.0,0.0,0,0,0.0,1,50
jerryxyj,1,1,3.0,0.0,3.0,3,51.0,0.0,0,0,0.0,1,50
KanishAnand,1,1,1.0,2.0,3.0,3,58.0,0.0,0,0,0.0,1,50
Hakon-Bugge,1,1,1.0,2.0,3.0,3,1263.0,0.0,0,0,0.0,1,50
Moerafaat,1,1,295.0,87.0,382.0,382,300.0,0.0,0,0,0.0,1,51
SiqiaoWu1993,2,2,8.0,20.5,28.5,51,57.0,0.0,0,0,0.0,2,52
Tixxx,2,2,344.0,39.0,383.0,720,867.5,0.0,3,3,1.0,2,53
WillFroom,21,6,113.1904761904762,23.80952380952381,137.0,523,86.47619047619048,0.0,0,0,0.0,21,54
ZixuanJiang,1,1,41.0,11.0,52.0,52,134.0,0.0,0,0,0.0,1,55
vanhoefm,1,1,50.0,2.0,52.0,52,1712.0,0.0,0,0,0.0,1,55
donnaskiez,1,1,38.0,14.0,52.0,52,1283.0,0.0,0,0,0.0,1,55
adityakakarot,1,1,37.0,81.0,118.0,118,256.0,0.0,0,0,0.0,1,56
akuegel,12,6,130.58333333333334,110.75,241.33333333333337,1732,190.83333333333337,0.0,0,0,0.0,12,57
allanrenucci,10,5,19.6,16.0,35.6,116,142.8,0.0,0,0,0.0,10,58
jimxbj-dot,1,1,5.0,3.0,8.0,8,921.0,0.0,0,0,0.0,1,59
amd-jianli12,1,1,4.0,4.0,8.0,8,969.0,0.0,0,0,0.0,1,59
dhowells,3,2,5.666666666666667,2.3333333333333335,8.0,20,1306.0,0.0,0,0,0.0,3,59
michaello316,1,1,4.0,4.0,8.0,8,715.0,0.0,0,0,0.0,1,59
gflegar,1,1,4.0,4.0,8.0,8,92.0,0.0,0,0,0.0,1,59
amd-songpiao,1,1,186.0,41.0,227.0,227,957.0,0.0,0,0,0.0,1,60
apivovarov,1,1,583.0,0.0,583.0,583,829.0,0.0,5,3,0.6,1,61
bartchr808,1,1,231.0,47.0,278.0,278,81.0,0.0,0,0,0.0,1,62
basioli-k,6,3,366.6666666666667,5.166666666666667,371.8333333333333,1537,122.0,0.0,0,0,0.0,6,63
bchetioui,1,1,47.0,19.0,66.0,66,90.0,0.0,1,1,1.0,1,64
beckerhe,4,2,292.5,18.0,310.5,888,427.25,0.0,0,0,0.0,4,65
berkinilbeyi,1,1,21.0,1.0,22.0,22,557.0,0.0,0,0,0.0,1,66
bixia1,3,1,147.0,29.0,176.0,308,232.66666666666663,0.0,0,0,0.0,3,67
blakehechtman,1,1,29.0,1.0,30.0,30,164.0,0.0,0,0,0.0,1,68
andy-shev,1,1,1.0,1.0,2.0,2,998.0,0.0,0,0,0.0,1,69
dkruces,1,1,1.0,1.0,2.0,2,874.0,0.0,0,0,0.0,1,69
tq-steina,1,1,1.0,1.0,2.0,2,632.0,0.0,0,0,0.0,1,69
liuhangbin,1,1,1.0,1.0,2.0,2,1001.0,0.0,0,0,0.0,1,69
lucasdemarchi,1,1,1.0,1.0,2.0,2,1937.0,0.0,0,0,0.0,1,69
matt-auld,1,1,1.0,1.0,2.0,2,1335.0,0.0,0,0,0.0,1,69
mkrle,1,1,1.0,1.0,2.0,2,449.0,0.0,0,0,0.0,1,69
mrpre,1,1,1.0,1.0,2.0,2,2005.0,0.0,0,0,0.0,1,69
nathanchance,1,1,1.0,1.0,2.0,2,1042.0,0.0,0,0,0.0,1,69
ofirbitt,1,1,1.0,1.0,2.0,2,445.0,0.0,0,0,0.0,1,69
panjaney,1,1,1.0,1.0,2.0,2,724.0,0.0,0,0,0.0,1,69
sknsean,1,1,1.0,1.0,2.0,2,541.0,0.0,0,0,0.0,1,69
skotur-brcm,1,1,1.0,1.0,2.0,2,1942.0,0.0,0,0,0.0,1,69
toblux,1,1,1.0,1.0,2.0,2,445.0,0.0,0,0,0.0,1,69
stefano-garzarella,1,1,1.0,1.0,2.0,2,922.0,0.0,0,0,0.0,1,69
thejh,1,1,1.0,1.0,2.0,2,1633.0,0.0,0,0,0.0,1,69
sgarciagoogle,1,1,1.0,1.0,2.0,2,50.0,0.0,0,0,0.0,1,69
bmass02,1,1,2.0,0.0,2.0,2,69.0,0.0,0,0,0.0,1,69
petebu,1,1,1.0,1.0,2.0,2,78.0,0.0,0,0,0.0,1,69
jossb-iso,1,1,0.0,2.0,2.0,2,182.0,0.0,0,0,0.0,1,69
chsigg,3,3,267.6666666666667,20.666666666666668,288.3333333333333,756,330.3333333333333,0.3333333333333333,2,1,0.5,3,70
d0k,1,1,0.0,69.0,69.0,69,148.0,0.0,0,0,0.0,1,71
d4n1elchen,1,1,31.0,7.0,38.0,38,78.0,0.0,0,0,0.0,1,72
broonie,2,2,19.5,18.5,38.0,57,1157.0,0.0,0,0,0.0,2,72
ddunl,6,4,24.0,30.166666666666668,54.166666666666664,102,140.33333333333334,0.0,0,0,0.0,6,73
derdrdirk,2,2,184.0,15.5,199.5,393,234.0,0.0,0,0,0.0,2,74
ecalubaquib,2,2,190.5,14.0,204.5,402,68.0,0.0,0,0,0.0,2,75
emilyfertig,3,2,225.66666666666663,7.0,232.66666666666663,577,154.0,0.3333333333333333,0,0,0.0,3,76
ezhulenev,21,8,74.76190476190476,21.952380952380953,96.71428571428572,281,183.1428571428571,0.1428571428571428,3,3,1.0,21,77
felixwqp,2,2,168.5,28.0,196.5,310,164.0,0.5,0,0,0.0,2,78
golechwierowicz,1,1,156.0,131.0,287.0,287,95.0,0.0,0,0,0.0,1,79
hmonishN,1,1,2241.0,1.0,2242.0,2242,638.0,0.0,0,0,0.0,1,80
isharif168,1,1,41.0,7.0,48.0,48,1596.0,0.0,0,0,0.0,1,81
iumitakgun,2,2,48.0,24.0,72.0,90,151.0,0.0,0,0,0.0,2,82
jcai19,4,2,22.0,8.25,30.25,60,131.75,0.0,0,0,0.0,4,83
jeffreyadean,1,1,35.0,0.0,35.0,35,220.0,0.0,0,0,0.0,1,84
kevin-brodsky-arm,1,1,26.0,9.0,35.0,35,1590.0,0.0,0,0,0.0,1,84
jparkerh,2,2,245.5,1.0,246.5,492,290.0,0.0,0,0,0.0,2,85
ivitro,1,1,3.0,1.0,4.0,4,3402.0,0.0,0,0,0.0,1,86
wsmoses,1,1,3.0,1.0,4.0,4,72.0,0.0,0,0,0.0,1,86
juliagmt-google,1,1,0.0,4.0,4.0,4,81.0,0.0,0,0,0.0,1,86
hmadhani,1,1,3.0,1.0,4.0,4,909.0,0.0,0,0,0.0,1,86
eeemmmmmm,1,1,2.0,2.0,4.0,4,129.0,0.0,0,0,0.0,1,86
louis-peens,1,1,2.0,2.0,4.0,4,549.0,0.0,0,0,0.0,1,86
alessiob-img,1,1,2.0,2.0,4.0,4,1338.0,0.0,0,0,0.0,1,86
chintanv133,1,1,1.0,3.0,4.0,4,695.0,0.0,0,0,0.0,1,86
leitao,1,1,8.0,3.0,11.0,11,910.0,0.0,0,0,0.0,1,87
junwhanahn,1,1,0.0,11.0,11.0,11,105.0,0.0,0,0,0.0,1,87
superm1,1,1,11.0,0.0,11.0,11,1087.0,0.0,0,0,0.0,1,87
liepieshov,2,1,63.5,40.5,104.0,188,86.0,0.0,0,0,0.0,2,88
loislo,1,1,3.0,3.0,6.0,6,206.0,0.0,0,0,0.0,1,89
cyndis,1,1,2.0,4.0,6.0,6,433.0,0.0,0,0,0.0,1,89
jbfil,1,1,3.0,3.0,6.0,6,611.0,0.0,0,0,0.0,1,89
pineapplejuice233,2,2,3.5,2.5,6.0,6,135.5,0.0,0,0,0.0,2,89
majiddadashi,2,2,77.0,40.5,117.5,229,333.5,0.0,0,0,0.0,2,90
marialyu,1,1,38.0,67.0,105.0,105,71.0,0.0,0,0,0.0,1,91
metaflow,4,3,638.5,23.5,662.0,2086,208.0,0.0,0,0,0.0,4,92
mkuperst,4,3,48.5,3.0,51.5,111,240.5,0.0,0,0,0.0,4,93
mooskagh,1,1,104.0,100.0,204.0,204,378.0,0.0,0,0,0.0,1,94
mwhittaker,1,1,187.0,2.0,189.0,189,2287.0,0.0,0,0,0.0,1,95
nafi3000,2,2,36.5,36.5,73.0,140,339.5,0.0,0,0,0.0,2,96
nvgrw,4,3,40.0,44.0,84.0,218,101.75,0.0,0,0,0.0,4,97
penpornk,1,1,284.0,147.0,431.0,431,909.0,0.0,74,71,0.96,1,98
pifon2a,4,3,42.25,159.25,201.5,548,88.5,0.0,1,0,0.0,4,99
pizzud,1,1,13.0,5.0,18.0,18,475.0,0.0,0,0,0.0,1,100
pschuh,8,5,58.125,14.625,72.75,161,153.625,0.125,0,0,0.0,8,101
reedwm,2,2,429.0,429.0,858.0,858,1197.0,0.0,30,30,1.0,2,102
rtg0795,2,2,6.5,12.0,18.5,36,62.0,0.0,43,40,0.93,2,103
sdasgup3,1,1,694.0,23.0,717.0,717,110.0,0.0,0,0,0.0,1,104
seantalts,3,2,300.6666666666667,48.333333333333336,349.0,816,584.0,0.0,0,0,0.0,3,105
sergey-kozub,1,1,1016.0,57.0,1073.0,1073,776.0,0.0,0,0,0.0,1,106
slackito,1,1,2876.0,863.0,3739.0,3739,180.0,1.0,0,0,0.0,1,107
sohaibiftikhar,3,1,36.666666666666664,16.0,52.666666666666664,99,193.33333333333337,0.0,0,0,0.0,3,108
tensorflower-gardener,86,8,42.38372093023256,26.63953488372093,69.02325581395348,677,126.69767441860463,0.0697674418604651,0,0,0.0,86,109
terryheo,4,3,132.5,117.5,250.0,336,209.0,0.0,26,16,0.62,4,110
terryysun,1,1,9.0,6.0,15.0,15,750.0,0.0,0,0,0.0,1,111
dev-aaront-org,1,1,4.0,11.0,15.0,15,1119.0,0.0,0,0,0.0,1,111
thomasjoerg,2,2,43.5,3.5,47.0,51,345.0,0.0,0,0,0.0,2,112
tomnatan30,6,3,29.5,11.333333333333334,40.833333333333336,140,174.33333333333334,0.1666666666666666,0,0,0.0,6,113
vsytch,2,1,82.5,22.0,104.5,198,57.5,0.0,0,0,0.0,2,114
xinxinmo,1,1,39.0,42.0,81.0,81,309.0,1.0,0,0,0.0,1,115
zacmustin,1,1,3.0,2.0,5.0,5,79.0,0.0,0,0,0.0,1,116
t-8ch,2,1,3.0,2.0,5.0,8,672.5,0.0,0,0,0.0,2,116
Panky-codes,1,1,5.0,0.0,5.0,5,1789.0,0.0,0,0,0.0,1,116
metze-samba,1,1,3.0,2.0,5.0,5,1453.0,0.0,0,0,0.0,1,116
hvilleneuvedoo,1,1,3.0,2.0,5.0,5,972.0,0.0,0,0,0.0,1,116
zqw86713,3,2,10.333333333333334,0.3333333333333333,10.666666666666666,22,72.33333333333333,0.3333333333333333,3,1,0.33,3,117
JasonXing,1,1,4.0,6.0,10.0,10,1096.0,0.0,0,0,0.0,1,118
ncroxon,1,1,8.0,2.0,10.0,10,1402.0,0.0,0,0,0.0,1,118
LeviYeoReum,1,1,2.0,43.0,45.0,45,1638.0,0.0,0,0,0.0,1,119
LorenzoBianconi,5,1,33.4,22.8,56.2,86,612.0,0.0,0,0,0.0,5,120
LuBaolu,1,1,14.0,4.0,18.0,18,1038.0,1.0,0,0,0.0,1,121
Miriam-Rachel,2,1,3.0,3.5,6.5,9,917.5,0.0,0,0,0.0,2,122
Mixaill,2,2,6.0,0.0,6.0,9,612.5,0.5,0,0,0.0,2,123
veritas501,1,1,1.0,0.0,1.0,1,581.0,0.0,0,0,0.0,1,124
RichardWeiYang,1,1,1.0,0.0,1.0,1,817.0,0.0,0,0,0.0,1,124
dolcini,1,1,1.0,0.0,1.0,1,1031.0,0.0,0,0,0.0,1,124
wangjinchao,1,1,1.0,0.0,1.0,1,1259.0,0.0,0,0,0.0,1,124
drosdeck,1,1,1.0,0.0,1.0,1,386.0,0.0,0,0,0.0,1,124
mbrost05,2,1,0.5,0.5,1.0,1,866.5,0.0,0,0,0.0,2,124
ShuichengLin,3,2,11.333333333333334,5.0,16.333333333333332,38,794.3333333333334,0.0,0,0,0.0,3,125
cjubran,2,1,1.5,1.0,2.5,4,1487.5,0.0,0,0,0.0,2,126
Vudentz,4,3,1.5,1.0,2.5,3,403.5,0.0,0,0,0.0,4,126
airlied,6,3,95.33333333333331,43.666666666666664,139.0,445,776.3333333333334,0.0,0,0,0.0,6,127
aloktiwa,2,2,2.0,5.0,7.0,12,980.0,0.5,0,0,0.0,2,128
arndb,10,4,19.4,7.0,26.4,116,790.1,0.0,0,0,0.0,10,129
axboe,4,3,11.75,3.75,15.5,34,985.5,0.25,0,0,0.0,4,130
bonzini,4,2,41.5,17.75,59.25,140,868.25,0.0,0,0,0.0,4,131
chaseyu,3,3,3.6666666666666665,0.0,3.6666666666666665,6,515.3333333333334,0.0,0,0,0.0,3,132
danvet,4,2,49.75,22.5,72.25,192,1474.5,0.0,0,0,0.0,4,133
deren,2,1,4.5,0.0,4.5,6,2025.0,1.0,0,0,0.0,2,134
df7cb,1,1,8.0,6.0,14.0,14,1249.0,0.0,0,0,0.0,1,135
moonheelee,1,1,14.0,0.0,14.0,14,1225.0,0.0,0,0,0.0,1,135
edumazet,3,1,19.0,0.6666666666666666,19.666666666666668,53,853.6666666666666,0.0,0,0,0.0,3,136
ffainelli,3,3,98.33333333333331,2.6666666666666665,101.0,299,915.6666666666666,0.0,0,0,0.0,3,137
fossdd,1,1,4.0,0.0,4.0,4,739.0,1.0,0,0,0.0,1,138
honggyukim,4,1,4.75,1.5,6.25,8,1083.75,0.0,0,0,0.0,4,139
hsiangkao,3,2,10.0,11.666666666666666,21.666666666666668,40,679.0,0.0,0,0,0.0,3,140
iostapyshyn,1,1,1.0,1.0,2.0,2,880.0,1.0,0,0,0.0,1,141
wens,1,1,1.0,1.0,2.0,2,535.0,1.0,0,0,0.0,1,141
ioworker0,1,1,28.0,18.0,46.0,46,2231.0,0.0,0,0,0.0,1,142
jmberg-intel,3,3,102.0,67.0,169.0,498,479.0,0.0,0,0,0.0,3,143
kuba-moo,15,5,48.266666666666666,22.4,70.66666666666667,663,862.1333333333333,0.0,0,0,0.0,15,144
l1k,1,1,8.0,8.0,16.0,16,3077.0,0.0,0,0,0.0,1,145
leon-yen,1,1,27.0,5.0,32.0,32,573.0,0.0,0,0,0.0,1,146
mmhal,3,1,15.333333333333334,3.6666666666666665,19.0,28,822.6666666666666,0.0,0,0,0.0,3,147
mwajdecz,2,2,6.5,1.0,7.5,11,873.0,0.0,0,0,0.0,2,148
ukleinek,2,1,4.5,3.0,7.5,13,708.0,0.0,0,0,0.0,2,148
n132,1,1,25.0,28.0,53.0,53,781.0,1.0,0,0,0.0,1,149
yu-chen-surf,1,1,2.0,27.0,29.0,29,2193.0,0.0,0,0,0.0,1,150
dsmertin,1,1,5.0,24.0,29.0,29,183.0,0.0,0,0,0.0,1,150
namjaejeon,1,1,9.0,20.0,29.0,29,359.0,0.0,0,0,0.0,1,150
nbd168,3,2,15.0,24.333333333333332,39.333333333333336,109,436.3333333333333,0.3333333333333333,0,0,0.0,3,151
olerem,5,2,10.8,1.2,12.0,29,1244.8,0.0,0,0,0.0,5,152
pcacjr,1,1,20.0,19.0,39.0,39,1587.0,0.0,0,0,0.0,1,153
petrpavlu,2,1,1.5,2.0,3.5,4,829.0,0.0,0,0,0.0,2,154
q2ven,6,3,15.166666666666666,8.0,23.166666666666668,81,1878.3333333333333,0.0,0,0,0.0,6,155
rafaeljw,2,2,6.5,6.5,13.0,24,625.0,0.0,0,0,0.0,2,156
sjp38,1,1,3.0,4.0,7.0,7,1036.0,1.0,0,0,0.0,1,157
tititiou36,1,1,1.0,0.0,1.0,1,596.0,1.0,0,0,0.0,1,158
tiwai,1,1,3434.0,2006.0,5440.0,5440,234.0,0.0,0,0,0.0,1,159
torvalds,65,12,94.23076923076924,50.76923076923077,145.0,925,1032.6615384615384,0.4153846153846154,0,0,0.0,65,160
vbnogueira,2,2,26.5,3.5,30.0,37,1543.5,0.5,0,0,0.0,2,161
vivekkreddy,1,1,6.0,3.0,9.0,9,4118.0,0.0,0,0,0.0,1,162
44670,1,1,31.0,0.0,31.0,31,166.0,0.0,1,1,1.0,1,163
ArkVex,1,1,12.0,12.0,24.0,24,173.0,0.0,4,1,0.25,1,164
ArthurZucker,4,4,530.5,1479.25,2009.75,7901,817.5,0.25,452,371,0.82,4,165
BenjaminBossan,2,1,14.5,3.5,18.0,32,298.5,0.0,11,11,1.0,2,166
Bpriya42,1,1,125.0,234.0,359.0,359,1479.0,0.0,1,1,1.0,1,167
Crystalcareai,1,1,1605.0,0.0,1605.0,1605,1737.0,0.0,2,1,0.5,1,168
Cyrilvallez,14,9,150.71428571428572,225.3571428571429,376.07142857142856,1840,150.07142857142858,0.0,132,118,0.89,14,169
DWarez,1,1,28.0,0.0,28.0,28,214.0,0.0,2,1,0.5,1,170
EduardDurech,1,1,697.0,261.0,958.0,958,1071.0,0.0,3,1,0.33,1,171
FightingZhen,1,1,10.0,16.0,26.0,26,123.0,0.0,9,6,0.67,1,172
HRezaei,1,1,117.0,41.0,158.0,158,70.0,0.0,2,1,0.5,1,173
IliasAarab,1,1,1.0,0.0,1.0,1,101.0,0.0,1,1,1.0,1,174
IlyasMoutawwakil,1,1,71.0,54.0,125.0,125,544.0,0.0,13,12,0.92,1,175
Isotr0py,2,2,12.5,4.5,17.0,22,433.5,0.0,25,23,0.92,2,176
JINO-ROHIT,1,1,1.0,1.0,2.0,2,58.0,0.0,5,3,0.6,1,177
JJJYmmm,1,1,201.0,245.0,446.0,446,183.0,0.0,6,3,0.5,1,178
JoosunH,1,1,454.0,0.0,454.0,454,1758.0,0.0,1,1,1.0,1,179
huebs,1,1,2.0,2.0,4.0,4,52.0,0.0,1,1,1.0,1,180
VladimirGutuev,1,1,2.0,2.0,4.0,4,244.0,0.0,1,1,1.0,1,180
KKZ20,1,1,3.0,1.0,4.0,4,53.0,0.0,1,1,1.0,1,180
MilkClouds,1,1,2.0,2.0,4.0,4,172.0,0.0,2,2,1.0,1,180
dannyi96,1,1,3.0,1.0,4.0,4,33.0,0.0,1,1,1.0,1,180
dggaytan,1,1,2.0,2.0,4.0,4,116.0,0.0,1,1,1.0,1,180
umarbutler,1,1,2.0,2.0,4.0,4,253.0,0.0,3,3,1.0,1,180
ybkurt,1,1,2.0,2.0,4.0,4,39.0,0.0,1,1,1.0,1,180
Krish0909,1,1,2.0,2.0,4.0,4,446.0,0.0,4,1,0.25,1,181
Kuangdd01,1,1,127.0,23.0,150.0,150,365.0,0.0,2,2,1.0,1,182
LckyLke,1,1,85.0,13.0,98.0,98,197.0,0.0,1,1,1.0,1,183
LoserCheems,1,1,2624.0,0.0,2624.0,2624,2911.0,0.0,4,2,0.5,1,184
LysandreJik,6,5,335.0,130.83333333333334,465.8333333333333,1339,629.8333333333334,0.0,555,484,0.87,6,185
MShaheerMalik77,1,1,88.0,33.0,121.0,121,346.0,0.0,1,1,1.0,1,186
McPatate,1,1,1.0,19.0,20.0,20,78.0,0.0,16,12,0.75,1,187
MekkCyber,2,2,8.0,21.5,29.5,56,118.0,0.0,82,73,0.89,2,188
MinJu-Ha,1,1,397.0,115.0,512.0,512,2064.0,0.0,3,2,0.67,1,189
NahieliV,1,1,499.0,47.0,546.0,546,454.0,0.0,2,2,1.0,1,190
NielsRogge,1,1,0.0,0.0,0.0,0,82.0,0.0,336,277,0.82,1,191
ParagEkbote,1,1,90.0,84.0,174.0,174,735.0,0.0,6,6,1.0,1,192
Phoenix-Shen,1,1,2.0,12.0,14.0,14,532.0,0.0,2,1,0.5,1,193
Rocketknight1,4,3,74.25,59.0,133.25,512,134.25,0.0,398,351,0.88,4,194
RyanMullins,2,2,4367.5,6.0,4373.5,8723,13874.0,0.0,9,8,0.89,2,195
S1ro1,1,1,0.0,1.0,1.0,1,45.0,0.0,9,6,0.67,1,196
Stonepia,1,1,57.0,27.0,84.0,84,444.0,0.0,1,1,1.0,1,197
SunMarc,4,4,53.0,4.75,57.75,188,215.0,0.0,135,119,0.88,4,198
Tanuj-rai,2,2,24.5,11.5,36.0,70,483.0,0.0,10,4,0.4,2,199
Tavish9,1,1,32.0,25.0,57.0,57,200.0,0.0,3,3,1.0,1,200
Vaibhavs10,2,2,40.0,22.0,62.0,94,208.0,0.0,8,6,0.75,2,201
VladOS95-cyber,1,1,1913.0,0.0,1913.0,1913,1311.0,0.0,16,13,0.81,1,202
Wauplin,1,1,1.0,3.0,4.0,4,35.0,0.0,37,33,0.89,1,203
ahadnagy,2,1,92.0,7.0,99.0,196,199.0,0.0,11,7,0.64,2,204
alex-jw-brooks,1,1,6.0,3.0,9.0,9,93.0,0.0,14,9,0.64,1,205
anton-l,1,1,1879.0,0.0,1879.0,1879,570.0,0.0,47,41,0.87,1,206
avihu111,3,3,14.666666666666666,14.666666666666666,29.333333333333332,39,985.0,0.0,3,3,1.0,3,207
buttercrab,1,1,5732.0,28.0,5760.0,5760,6210.0,0.0,2,1,0.5,1,208
bvantuan,3,3,98.0,50.666666666666664,148.66666666666666,327,307.6666666666667,0.0,6,3,0.5,3,209
bzhangGo,2,2,2599.5,10.0,2609.5,5148,766.5,0.0,2,2,1.0,2,210
cyyever,5,3,480.4,511.2,991.6,4439,197.6,0.0,56,43,0.77,5,211
dhruvmalik007,1,1,80.0,34.0,114.0,114,376.0,0.0,1,1,1.0,1,212
dross20,3,3,114.0,41.666666666666664,155.66666666666666,175,309.3333333333333,0.0,6,6,1.0,3,213
dsnsabari,1,1,20.0,10.0,30.0,30,1877.0,0.0,1,1,1.0,1,214
edwko,1,1,34.0,1.0,35.0,35,341.0,0.0,1,1,1.0,1,215
efsotr,1,1,43.0,2.0,45.0,45,338.0,0.0,6,4,0.67,1,216
eginhard,1,1,5.0,18.0,23.0,23,102.0,0.0,2,1,0.5,1,217
emanrissha,1,1,99.0,120.0,219.0,219,3250.0,0.0,1,1,1.0,1,218
eromomon,2,2,6.0,6.5,12.5,22,189.5,0.0,2,2,1.0,2,219
eustlb,8,5,539.75,42.0,581.75,4198,441.5,0.0,42,29,0.69,8,220
farrosalferro,1,1,223.0,79.0,302.0,302,409.0,0.0,2,2,1.0,1,221
gante,10,8,114.0,395.4,509.4,2525,371.1,0.0,616,539,0.88,10,222
giuseppeCoccia,1,1,73.0,18.0,91.0,91,372.0,0.0,1,1,1.0,1,223
guang-yng,1,1,109.0,30.0,139.0,139,1058.0,0.0,1,1,1.0,1,224
lizardwine,1,1,4.0,1.0,5.0,5,62.0,0.0,1,1,1.0,1,225
learning-chip,1,1,1.0,4.0,5.0,5,265.0,0.0,1,1,1.0,1,225
Siecje,1,1,4.0,1.0,5.0,5,27.0,0.0,1,1,1.0,1,225
peteryschneider,1,1,5.0,0.0,5.0,5,228.0,0.0,1,1,1.0,1,225
gudwls215,1,1,3.0,2.0,5.0,5,254.0,0.0,1,1,1.0,1,225
hellopahe,1,1,20.0,4.0,24.0,24,146.0,0.0,1,1,1.0,1,226
hiyouga,1,1,10.0,3.0,13.0,13,92.0,0.0,16,13,0.81,1,227
ivarflakstad,2,1,2.5,0.5,3.0,4,78.0,0.0,43,34,0.79,2,228
jiangwangyi,1,1,0.0,143.0,143.0,143,121.0,0.0,4,2,0.5,1,229
jiqing-feng,6,5,32.333333333333336,4.333333333333333,36.666666666666664,85,425.1666666666667,0.0,67,54,0.81,6,230
juliendenize,1,1,3573.0,8.0,3581.0,3581,826.0,0.0,2,2,1.0,1,231
kaixuanliu,2,1,9.5,4.5,14.0,19,433.0,0.0,7,3,0.43,2,232
zhaiji0727,1,1,6.0,2.0,8.0,8,272.0,0.0,1,1,1.0,1,233
webknjaz,1,1,5.0,3.0,8.0,8,209.0,0.0,1,1,1.0,1,233
seiji-alyosha,1,1,4.0,4.0,8.0,8,81.0,0.0,1,1,1.0,1,233
kaln27,1,1,4.0,4.0,8.0,8,254.0,0.0,1,1,1.0,1,233
kashif,1,1,5.0,1.0,6.0,6,169.0,0.0,29,18,0.62,1,234
kmehant,1,1,58.0,8.0,66.0,66,972.0,0.0,9,8,0.89,1,235
kylesayrs,4,3,23.25,10.75,34.0,58,401.5,0.0,15,13,0.87,4,236
lhoestq,2,2,301.0,321.5,622.5,798,624.0,0.0,25,20,0.8,2,237
manueldeprada,2,2,20.5,2.0,22.5,23,191.0,0.0,20,12,0.6,2,238
marcndo,2,2,9.0,0.5,9.5,17,159.5,0.0,7,3,0.43,2,239
maximizemaxwell,1,1,87.0,0.0,87.0,87,707.0,0.0,7,6,0.86,1,240
molbap,2,2,155.0,7.5,162.5,310,150.0,0.0,55,43,0.78,2,241
orionw,1,1,2020.0,0.0,2020.0,2020,1093.0,0.0,3,1,0.33,1,242
paulpak58,2,1,822.5,7.0,829.5,1651,535.5,0.0,3,2,0.67,2,243
pcuenca,1,1,10.0,5.0,15.0,15,241.0,0.0,31,23,0.74,1,244
xenova,1,1,1.0,1.0,2.0,2,47.0,0.0,16,13,0.81,1,245
qgallouedec,1,1,1.0,1.0,2.0,2,203.0,0.0,21,17,0.81,1,245
qubvel,5,5,196.2,162.8,359.0,1215,293.6,0.0,88,71,0.81,5,246
ranzhejiang,1,1,7.0,0.0,7.0,7,343.0,0.0,1,1,1.0,1,247
sebastianvlad1,1,1,6.0,1.0,7.0,7,294.0,0.0,1,1,1.0,1,247
rasmi,2,2,1.0,2.0,3.0,4,107.5,0.0,5,4,0.8,2,248
redmoe-moutain,1,1,1239.0,0.0,1239.0,1239,154.0,0.0,1,1,1.0,1,249
remi-or,4,3,66.75,25.75,92.5,217,366.25,0.0,21,20,0.95,4,250
renet10,1,1,23.0,5.0,28.0,28,2637.0,0.0,1,1,1.0,1,251
richardodliu,1,1,111.0,0.0,111.0,111,848.0,0.0,1,1,1.0,1,252
ridima11,1,1,3.0,3.0,6.0,6,56.0,0.0,2,1,0.5,1,253
rudolfwilliam,1,1,6.0,8.0,14.0,14,131.0,0.0,1,1,1.0,1,254
sameerajashyam,1,1,2.0,2.0,4.0,4,507.0,0.0,6,1,0.17,1,255
sandeepyadav1478,1,1,102.0,57.0,159.0,159,297.0,0.0,1,1,1.0,1,256
sbucaille,6,5,54.0,38.666666666666664,92.66666666666669,186,267.0,0.0,16,11,0.69,6,257
seven-mile,1,1,12.0,10.0,22.0,22,179.0,0.0,2,2,1.0,1,258
shuminghu,1,1,3262.0,1.0,3263.0,3263,2722.0,0.0,1,1,1.0,1,259
simonreise,1,1,722.0,51.0,773.0,773,670.0,0.0,4,4,1.0,1,260
st81,1,1,6.0,4.0,10.0,10,200.0,0.0,3,2,0.67,1,261
stevhliu,5,3,103.6,99.0,202.6,421,97.2,0.0,145,131,0.9,5,262
thisisiron,1,1,3.0,0.0,3.0,3,259.0,0.0,8,4,0.5,1,263
pre-commit-ci[bot],8,7,1.0,1.0,2.0,2,166.0,0.0,40,36,0.9,8,264
tomaarsen,1,1,1.0,1.0,2.0,2,39.0,0.0,30,27,0.9,1,264
tugsbayasgalan,1,1,97.0,1.0,98.0,98,133.0,0.0,8,4,0.5,1,265
vasqu,5,4,10.0,2.4,12.4,46,104.2,0.0,41,32,0.78,5,266
ved1beta,1,1,1.0,1.0,2.0,2,76.0,0.0,5,2,0.4,1,267
winglian,3,3,5.0,1.0,6.0,8,96.33333333333331,0.0,45,27,0.6,3,268
xadupre,1,1,12.0,1.0,13.0,13,124.0,0.0,6,3,0.5,1,269
yao-matrix,4,3,48.5,25.25,73.75,172,519.0,0.0,53,51,0.96,4,270
yaswanth19,5,3,1608.2,39.4,1647.6,4924,818.8,0.0,18,13,0.72,5,271
ydshieh,32,14,64.96875,20.71875,85.6875,613,153.4375,0.03125,1020,916,0.9,32,272
yonigozlan,2,2,41.5,3.5,45.0,86,81.5,0.5,88,74,0.84,2,273
yuanwu2017,1,1,22.0,0.0,22.0,22,741.0,0.0,10,8,0.8,1,274
yushi2006,1,1,26.0,10.0,36.0,36,200.0,0.0,6,4,0.67,1,275
zRzRzRzRzRzRzR,3,3,2338.3333333333335,30.333333333333332,2368.6666666666665,6849,819.6666666666666,0.0,8,4,0.5,3,276
zrohyun,1,1,20.0,20.0,40.0,40,901.0,0.0,1,1,1.0,1,277
zucchini-nlp,20,11,535.8,778.7,1314.5,12554,318.15,0.0,298,253,0.85,20,278
Resistor-git,2,1,0.5,0.5,1.0,2,50.0,1.0,1,1,1.0,2,279
ThisIzAli2,1,1,1.0,1.0,2.0,2,45.0,1.0,2,1,0.5,1,280
brendon-codes,1,1,22.0,19.0,41.0,41,23.0,0.0,4,0,0.0,1,281
davidism,230,65,63.35652173913043,42.99565217391304,106.35217391304349,3357,41.96086956521739,0.3347826086956522,288,285,0.99,230,282
dependabot[bot],19,11,5.7368421052631575,5.7368421052631575,11.473684210526317,30,1597.9473684210527,0.1578947368421052,107,60,0.56,19,283
greyli,1,1,1.0,1.0,2.0,2,25.0,1.0,76,54,0.71,1,284
jayaddison,1,1,15.0,5.0,20.0,20,598.0,0.0,0,0,0.0,1,285
kotvkvante,1,1,2.0,2.0,4.0,4,38.0,1.0,1,1,1.0,1,286
kurtatter,1,1,4.0,1.0,5.0,5,37.0,1.0,1,1,1.0,1,287
pgjones,14,13,125.35714285714286,100.64285714285714,226.0,2975,168.71428571428572,0.7857142857142857,35,30,0.86,14,288
r04922101,1,1,10.0,1.0,11.0,11,36.0,0.0,1,1,1.0,1,289
s-hamann,1,1,0.0,13.0,13.0,13,139.0,0.0,1,1,1.0,1,290
